<?xml version="1.0"?>
<ModelDocumentManifest xmlns:xsi="http://www.w3.org/2001/XMLSchema-instance" xmlns:xsd="http://www.w3.org/2001/XMLSchema">
  <Documents>
    <Document FullPath="C:\Users\jkilling\Desktop\redone\ConsolidatedWorklist\ConsolidatedWorklist\ConsolidatedWorklist.HTMLClient\Properties\Client.lsml" Checksum="0971FF30654961303E9EA94C4CFA9EA5B2E5146F3573F9CB46D36AB96EAB77FF" />
    <Document FullPath="C:\Users\jkilling\Desktop\redone\ConsolidatedWorklist\ConsolidatedWorklist\ConsolidatedWorklist.HTMLClient\Properties\Proxies.lsml" Checksum="03A7345EB67138A974A89FA50808CC18D5146D14923B28AD59A81915A85CDA89" />
    <Document FullPath="C:\Users\jkilling\Desktop\redone\ConsolidatedWorklist\ConsolidatedWorklist\ConsolidatedWorklist.HTMLClient\Screens\Admins\AddEditAdmin.lsml" Checksum="50AB11862AE9A09BB0EDFE8B4D8A1EB3BB4379C09798A43E577ED9A78BB93804" />
    <Document FullPath="C:\Users\jkilling\Desktop\redone\ConsolidatedWorklist\ConsolidatedWorklist\ConsolidatedWorklist.HTMLClient\Screens\Admins\ViewAdmin.lsml" Checksum="4D169B1B2F76FA80A1ECF22A9FF216E754FC36CE0B895B66637CFC741487E6B0" />
    <Document FullPath="C:\Users\jkilling\Desktop\redone\ConsolidatedWorklist\ConsolidatedWorklist\ConsolidatedWorklist.HTMLClient\Properties\CoWoItData\Organizations.lsml" Checksum="24E5A5395912ADB509428DD9FF11597FCF22C209B9AD93DD071B931120D31609" />
    <Document FullPath="C:\Users\jkilling\Desktop\redone\ConsolidatedWorklist\ConsolidatedWorklist\ConsolidatedWorklist.HTMLClient\Screens\Admins\BrowseAdmins.lsml" Checksum="74AE184F209A55D19D10FA1FA7BE009954346B7E015AC138853C35C28282277A" />
  </Documents>
</ModelDocumentManifest>