<?xml version="1.0"?>
<ModelDocumentManifest xmlns:xsi="http://www.w3.org/2001/XMLSchema-instance" xmlns:xsd="http://www.w3.org/2001/XMLSchema">
  <Documents>
    <Document FullPath="C:\Users\jkilling\Desktop\redone\ConsolidatedWorklist\ConsolidatedWorklist\ConsolidatedWorklist.Server\DataSources\CoWoItData\Areas.lsml" Checksum="C1925A728315205587554CF51A34171B1C6E7638AE7C5385D1CD7CE3362BAFB8" />
    <Document FullPath="C:\Users\jkilling\Desktop\redone\ConsolidatedWorklist\ConsolidatedWorklist\ConsolidatedWorklist.Server\DataSources\CoWoItData\AreasByOrgID.lsml" Checksum="C5D1E8D381D3BDE0933DFC3B0AC6FB6333CC3AF45ADE84510464B1D8FFE233E6" />
    <Document FullPath="C:\Users\jkilling\Desktop\redone\ConsolidatedWorklist\ConsolidatedWorklist\ConsolidatedWorklist.Server\DataSources\CoWoItData\Environments.lsml" Checksum="88BEDC7DA32BDD4DBBC578D6DA089FCDD91E789B139939CB18EC96D11BB9D889" />
    <Document FullPath="C:\Users\jkilling\Desktop\redone\ConsolidatedWorklist\ConsolidatedWorklist\ConsolidatedWorklist.Server\DataSources\CoWoItData\EnvByOrgId.lsml" Checksum="AE92EDB8375CECC3701890A1469B2B5E50C919564CC3D0A9EA12E15352B7D6E0" />
    <Document FullPath="C:\Users\jkilling\Desktop\redone\ConsolidatedWorklist\ConsolidatedWorklist\ConsolidatedWorklist.Server\DataSources\CoWoItData\LogEntries.lsml" Checksum="653D3AB3AD2FD6644F8503EF0B58CCD0D0F14D08700597EC350AE0B5954190F2" />
    <Document FullPath="C:\Users\jkilling\Desktop\redone\ConsolidatedWorklist\ConsolidatedWorklist\ConsolidatedWorklist.Server\DataSources\CoWoItData\LogTypes.lsml" Checksum="DC0C727E0584A977D4C98AADE923D9596861F172A46819FEA628B14C026158C0" />
    <Document FullPath="C:\Users\jkilling\Desktop\redone\ConsolidatedWorklist\ConsolidatedWorklist\ConsolidatedWorklist.Server\DataSources\CoWoItData\Organizations.lsml" Checksum="8F4D403EF68285ADB3AD182D2F4DB74673228A1B473D226B5979D92216AFCA22" />
    <Document FullPath="C:\Users\jkilling\Desktop\redone\ConsolidatedWorklist\ConsolidatedWorklist\ConsolidatedWorklist.Server\DataSources\CoWoItData\People.lsml" Checksum="55143FA7E61F8730D2A8BE361C0077A9607383586FDC77ED641F2EB3C129349C" />
    <Document FullPath="C:\Users\jkilling\Desktop\redone\ConsolidatedWorklist\ConsolidatedWorklist\ConsolidatedWorklist.Server\DataSources\CoWoItData\StatusSet.lsml" Checksum="376E6AC302569B3FD20D855A52DCE05E70C842B4F6D50B081B5D8A9D504B2B94" />
    <Document FullPath="C:\Users\jkilling\Desktop\redone\ConsolidatedWorklist\ConsolidatedWorklist\ConsolidatedWorklist.Server\DataSources\CoWoItData\StatusByOrgId.lsml" Checksum="EC2A0AD15264D416B78FC0DD02443D1BDCEBA9919151299F4DAEF800EE608E23" />
    <Document FullPath="C:\Users\jkilling\Desktop\redone\ConsolidatedWorklist\ConsolidatedWorklist\ConsolidatedWorklist.Server\DataSources\CoWoItData\Tickets.lsml" Checksum="116197EF26ABD1470614719A6A1880162648B70DCB0B6F383B491D2527B3525C" />
    <Document FullPath="C:\Users\jkilling\Desktop\redone\ConsolidatedWorklist\ConsolidatedWorklist\ConsolidatedWorklist.Server\DataSources\CoWoItData\TicketByID.lsml" Checksum="B0EBF454481A45CE039333FA28ABB53012BE68CEE1EF4942A2BE8CDDB9711C49" />
    <Document FullPath="C:\Users\jkilling\Desktop\redone\ConsolidatedWorklist\ConsolidatedWorklist\ConsolidatedWorklist.Server\DataSources\CoWoItData\TicketTypes.lsml" Checksum="FA45B93FAADE3680306F5400D30120FD74ADC8B8F24CA7908BD8CA6B18A35112" />
    <Document FullPath="C:\Users\jkilling\Desktop\redone\ConsolidatedWorklist\ConsolidatedWorklist\ConsolidatedWorklist.Server\DataSources\CoWoItData\WorklistItems.lsml" Checksum="06679B57E571934EF413168053C952630492E4819698A016C85F5E367B0BDE38" />
    <Document FullPath="C:\Users\jkilling\Desktop\redone\ConsolidatedWorklist\ConsolidatedWorklist\ConsolidatedWorklist.Server\DataSources\CoWoItData\WorklistItemsByOrgId.lsml" Checksum="291B2E5B9F7BAA8FC2AD59E9E95A28526C36AF583F808F0EC8063ABE36DD07DB" />
    <Document FullPath="C:\Users\jkilling\Desktop\redone\ConsolidatedWorklist\ConsolidatedWorklist\ConsolidatedWorklist.Server\Properties\DataSources\CoWoItData.lsml" Checksum="E47A039FBF610E94CC722515BFA7F0031EC5589659B30E1003750DBDDAAA5020" />
    <Document FullPath="C:\Users\jkilling\Desktop\redone\ConsolidatedWorklist\ConsolidatedWorklist\ConsolidatedWorklist.Server\Properties\Service.lsml" Checksum="9C91C886BDBF64E2DCA657F5C0942B6F05BC2775A2D34C67AAA4FC20BDCDFC83" />
  </Documents>
</ModelDocumentManifest>