<?xml version="1.0"?>
<ModelDocumentManifest xmlns:xsi="http://www.w3.org/2001/XMLSchema-instance" xmlns:xsd="http://www.w3.org/2001/XMLSchema">
  <Documents>
    <Document FullPath="C:\Users\jkilling\Desktop\8_30_16\CoWoIt\CoWoIt\CoWoIt.Server\DataSources\ApplicationData\Areas.lsml" Checksum="D8BCF21C36802FF06F8D3EFE51CDD8F1F4602B3E006AB4D4CE9C91A2DFF07A27" />
    <Document FullPath="C:\Users\jkilling\Desktop\8_30_16\CoWoIt\CoWoIt\CoWoIt.Server\DataSources\ApplicationData\AreasByOrgID.lsml" Checksum="7C607E9DFAED0331B963CBC822E4EABEA15E708782B8913663F847E5E3522ADB" />
    <Document FullPath="C:\Users\jkilling\Desktop\8_30_16\CoWoIt\CoWoIt\CoWoIt.Server\DataSources\ApplicationData\Environments.lsml" Checksum="04663CF64DB752BD5218E3CF57B7AE0A4C4B87A40952E1DD7208D2E92B9CA07F" />
    <Document FullPath="C:\Users\jkilling\Desktop\8_30_16\CoWoIt\CoWoIt\CoWoIt.Server\DataSources\ApplicationData\EnvsByOrgID.lsml" Checksum="1AA21CF3529511F4EC084EAFB94A851AB4E80B87CE6A77DDFC4DD8F246393859" />
    <Document FullPath="C:\Users\jkilling\Desktop\8_30_16\CoWoIt\CoWoIt\CoWoIt.Server\DataSources\ApplicationData\LogEntries.lsml" Checksum="BD64FE0EBCB71E21F17A0FB579441CDFC2D8A8A7E75475C45A5BD357B10ECE18" />
    <Document FullPath="C:\Users\jkilling\Desktop\8_30_16\CoWoIt\CoWoIt\CoWoIt.Server\DataSources\ApplicationData\LogTypes.lsml" Checksum="9FAC9C1AAE641B6A5AB0F155DFE30DE363ED719AE89D47135613B932CC15D01F" />
    <Document FullPath="C:\Users\jkilling\Desktop\8_30_16\CoWoIt\CoWoIt\CoWoIt.Server\DataSources\ApplicationData\Organizations.lsml" Checksum="3664875C24E7ADDDF2F5A7395D2699EB72086A33BC8297B5DEECD88F16D39308" />
    <Document FullPath="C:\Users\jkilling\Desktop\8_30_16\CoWoIt\CoWoIt\CoWoIt.Server\DataSources\ApplicationData\People.lsml" Checksum="1F651C2F0402F1E394DB8682471A033E42F64FB7FEA1C0B72E3C8E3016878C07" />
    <Document FullPath="C:\Users\jkilling\Desktop\8_30_16\CoWoIt\CoWoIt\CoWoIt.Server\DataSources\ApplicationData\StatusSet.lsml" Checksum="A79A61D52BDD908A9AA6BE519603AADEA2DAAF2F8E70C09DE39275108B550F43" />
    <Document FullPath="C:\Users\jkilling\Desktop\8_30_16\CoWoIt\CoWoIt\CoWoIt.Server\DataSources\ApplicationData\Tickets.lsml" Checksum="2C3A5CCF114CC5C8962EE2CEE78075837C7E3319F7544C97984E9BB9156636F7" />
    <Document FullPath="C:\Users\jkilling\Desktop\8_30_16\CoWoIt\CoWoIt\CoWoIt.Server\DataSources\ApplicationData\TicketByWorklistID.lsml" Checksum="37C2315AD439EEB1D6278064D1243BC96BF660F61A0B05220773D71C202A8B37" />
    <Document FullPath="C:\Users\jkilling\Desktop\8_30_16\CoWoIt\CoWoIt\CoWoIt.Server\DataSources\ApplicationData\TicketTypes.lsml" Checksum="9287A0FF8C3A171994376CA7FD55E2607C211FEBA68CD8295F8ADB120974A004" />
    <Document FullPath="C:\Users\jkilling\Desktop\8_30_16\CoWoIt\CoWoIt\CoWoIt.Server\DataSources\ApplicationData\WorklistItems.lsml" Checksum="B18C595A2747A1165E268BFB3A37A862C5C65215895EF49C754320B36B6BC0EE" />
    <Document FullPath="C:\Users\jkilling\Desktop\8_30_16\CoWoIt\CoWoIt\CoWoIt.Server\DataSources\ApplicationData\WorklistItemsByOrgID.lsml" Checksum="6E9892A09B685FBED0F0C222AFB7D734DF3D6D363A19C70A712F1E55F5E6C710" />
    <Document FullPath="C:\Users\jkilling\Desktop\8_30_16\CoWoIt\CoWoIt\CoWoIt.Server\Properties\DataSources\ApplicationData.lsml" Checksum="E6FEEAC3B4A850AAC5F0029259A0B9F8C1BD45F2950D17BD8D6664B9422E6AD6" />
    <Document FullPath="C:\Users\jkilling\Desktop\8_30_16\CoWoIt\CoWoIt\CoWoIt.Server\Properties\Service.lsml" Checksum="679C78F29C5AF23E9956A773B0E46DF90F7B86CADA0B79571E5896A1C79F5B70" />
    <Document FullPath="C:\Users\jkilling\Desktop\8_30_16\CoWoIt\CoWoIt\CoWoIt.Server\DataSources\ApplicationData\StatusByOrgId.lsml" Checksum="19DD1C6CC664DBE7BC94D0C108A061674EECDEF20E7A8A4C4C7D5EEC2EF06E50" />
  </Documents>
</ModelDocumentManifest>