<?xml version="1.0"?>
<ModelDocumentManifest xmlns:xsi="http://www.w3.org/2001/XMLSchema-instance" xmlns:xsd="http://www.w3.org/2001/XMLSchema">
  <Documents>
    <Document FullPath="C:\Users\jkilling\Source\Workspaces\DatabaseSample\CoWoIt\CoWoIt\CoWoIt.HTMLClient\Properties\ApplicationData\Organizations.lsml" Checksum="00BE3E3C1A491147EB7B7BB83709975C6A95FB41C2D7F16422458F0F794E478C" />
    <Document FullPath="C:\Users\jkilling\Source\Workspaces\DatabaseSample\CoWoIt\CoWoIt\CoWoIt.HTMLClient\Properties\ApplicationData\Projects.lsml" Checksum="0EC9D454F440B135AE463037BC216F30FE4C3C2D2C30C11AE33DFC2A244C36A3" />
    <Document FullPath="C:\Users\jkilling\Source\Workspaces\DatabaseSample\CoWoIt\CoWoIt\CoWoIt.HTMLClient\Properties\ApplicationData\WorklistItems.lsml" Checksum="44EEB2C77C665BFF690C162795C6C45DCDF9BA5B370F2F35D0002B3B09BD78CB" />
    <Document FullPath="C:\Users\jkilling\Source\Workspaces\DatabaseSample\CoWoIt\CoWoIt\CoWoIt.HTMLClient\Properties\Client.lsml" Checksum="782EE2671E0C5AE650E9BDD99EB14A9E1A995B3AA94DC12DA2F7BB95AC570E50" />
    <Document FullPath="C:\Users\jkilling\Source\Workspaces\DatabaseSample\CoWoIt\CoWoIt\CoWoIt.HTMLClient\Properties\Proxies.lsml" Checksum="969288C79ADE511578D6A36014ABA602D336198FC4148170F6AA8C6B9DFCBBCE" />
    <Document FullPath="C:\Users\jkilling\Source\Workspaces\DatabaseSample\CoWoIt\CoWoIt\CoWoIt.HTMLClient\Screens\Organizations\AddEditOrganization.lsml" Checksum="A00CDC386AF062847FF26A368971D665FD5F517986F17A36F4615559DBBD3500" />
    <Document FullPath="C:\Users\jkilling\Source\Workspaces\DatabaseSample\CoWoIt\CoWoIt\CoWoIt.HTMLClient\Screens\Organizations\BrowseOrganizations.lsml" Checksum="DEE56DFECF7F5A83940F5976E1F52C009D573D98614021ECCE7CA669F63B01F9" />
    <Document FullPath="C:\Users\jkilling\Source\Workspaces\DatabaseSample\CoWoIt\CoWoIt\CoWoIt.HTMLClient\Screens\Organizations\ViewOrganization.lsml" Checksum="06F283A4EE08E8FED1A0C92A5205A29B82E4A8963DC27FFCB80EB7DA4AA0AB4C" />
    <Document FullPath="C:\Users\jkilling\Source\Workspaces\DatabaseSample\CoWoIt\CoWoIt\CoWoIt.HTMLClient\Screens\Projects\AddEditProject.lsml" Checksum="89DA8C7F3C287D4B4142B4269AC7F9D5A8B115FD079B9AC19EA5AF5E68824722" />
    <Document FullPath="C:\Users\jkilling\Source\Workspaces\DatabaseSample\CoWoIt\CoWoIt\CoWoIt.HTMLClient\Screens\Projects\AddEditWorklistItemFromProject.lsml" Checksum="ED39932EAAD40CCD035A3773CCBB7AE115316F39232A339070968DD303992D95" />
    <Document FullPath="C:\Users\jkilling\Source\Workspaces\DatabaseSample\CoWoIt\CoWoIt\CoWoIt.HTMLClient\Screens\Projects\AddEnvironment.lsml" Checksum="EE1C7E070828DA484557044EA6D9DCF229DE27DA272B58A304577EA261B791F4" />
    <Document FullPath="C:\Users\jkilling\Source\Workspaces\DatabaseSample\CoWoIt\CoWoIt\CoWoIt.HTMLClient\Screens\Projects\AddProjectType.lsml" Checksum="4F774F4C9FB28835C22D85D9C557A99E024C4142E727D9DB74A9AFDF95269BFE" />
    <Document FullPath="C:\Users\jkilling\Source\Workspaces\DatabaseSample\CoWoIt\CoWoIt\CoWoIt.HTMLClient\Screens\Projects\AddStatus.lsml" Checksum="AE895A22356DA7158336C60A3946610A61872528A203FDEE1B32C4CB9D4D47C2" />
    <Document FullPath="C:\Users\jkilling\Source\Workspaces\DatabaseSample\CoWoIt\CoWoIt\CoWoIt.HTMLClient\Screens\Projects\BrowseProjects.lsml" Checksum="3A6ADE9130B6FEE76C6CD12C31CD806E8C4932BF0AA06EA7E1B3D4983C3CF616" />
    <Document FullPath="C:\Users\jkilling\Source\Workspaces\DatabaseSample\CoWoIt\CoWoIt\CoWoIt.HTMLClient\Screens\Projects\ViewProject.lsml" Checksum="976D6DB0F4592B0AC7C8C1324EABECBE680BA0C0637F7AC574D2E81738AEA9E8" />
    <Document FullPath="C:\Users\jkilling\Source\Workspaces\DatabaseSample\CoWoIt\CoWoIt\CoWoIt.HTMLClient\Screens\WorklistItems\AddEditWorklistItem.lsml" Checksum="14BED47B74A6020C042FB55E0315695F4E12BE7C900C78278A1730986D799C46" />
    <Document FullPath="C:\Users\jkilling\Source\Workspaces\DatabaseSample\CoWoIt\CoWoIt\CoWoIt.HTMLClient\Screens\WorklistItems\BrowseWorklistItems.lsml" Checksum="6A413C472279EA66D61807BDD63C6F3B9E4F081DC22CE05A10BD82D2D1A968F9" />
    <Document FullPath="C:\Users\jkilling\Source\Workspaces\DatabaseSample\CoWoIt\CoWoIt\CoWoIt.HTMLClient\Screens\WorklistItems\ViewWorklistItem.lsml" Checksum="FA23461AF38AA74787ABF439DBE7675CE829DAFD401CC576E426CD2CCDCB30F8" />
  </Documents>
</ModelDocumentManifest>