<?xml version="1.0"?>
<ModelDocumentManifest xmlns:xsi="http://www.w3.org/2001/XMLSchema-instance" xmlns:xsd="http://www.w3.org/2001/XMLSchema">
  <Documents>
    <Document FullPath="C:\Users\jkilling\Source\Workspaces\soco\JK\SonomaCounty\ISD\WorkListItemTracker\CoWoIt\CoWoIt.Server\DataSources\ApplicationData\Areas.lsml" Checksum="D8BCF21C36802FF06F8D3EFE51CDD8F1F4602B3E006AB4D4CE9C91A2DFF07A27" />
    <Document FullPath="C:\Users\jkilling\Source\Workspaces\soco\JK\SonomaCounty\ISD\WorkListItemTracker\CoWoIt\CoWoIt.Server\DataSources\ApplicationData\AreasByOrgID.lsml" Checksum="7C607E9DFAED0331B963CBC822E4EABEA15E708782B8913663F847E5E3522ADB" />
    <Document FullPath="C:\Users\jkilling\Source\Workspaces\soco\JK\SonomaCounty\ISD\WorkListItemTracker\CoWoIt\CoWoIt.Server\DataSources\ApplicationData\Environments.lsml" Checksum="04663CF64DB752BD5218E3CF57B7AE0A4C4B87A40952E1DD7208D2E92B9CA07F" />
    <Document FullPath="C:\Users\jkilling\Source\Workspaces\soco\JK\SonomaCounty\ISD\WorkListItemTracker\CoWoIt\CoWoIt.Server\DataSources\ApplicationData\EnvsByOrgID.lsml" Checksum="1AA21CF3529511F4EC084EAFB94A851AB4E80B87CE6A77DDFC4DD8F246393859" />
    <Document FullPath="C:\Users\jkilling\Source\Workspaces\soco\JK\SonomaCounty\ISD\WorkListItemTracker\CoWoIt\CoWoIt.Server\DataSources\ApplicationData\LogEntries.lsml" Checksum="10CE6AF0C5765A7989EA0F2EFC4AC385388B5F0C5E5937AFFFA4523BF76B8528" />
    <Document FullPath="C:\Users\jkilling\Source\Workspaces\soco\JK\SonomaCounty\ISD\WorkListItemTracker\CoWoIt\CoWoIt.Server\DataSources\ApplicationData\LogTypes.lsml" Checksum="9FAC9C1AAE641B6A5AB0F155DFE30DE363ED719AE89D47135613B932CC15D01F" />
    <Document FullPath="C:\Users\jkilling\Source\Workspaces\soco\JK\SonomaCounty\ISD\WorkListItemTracker\CoWoIt\CoWoIt.Server\DataSources\ApplicationData\Organizations.lsml" Checksum="4671485C95F4935F1A0D96B4EB00A015E3EF5ABA6A7C5953ADA25C3CFCC1DBD3" />
    <Document FullPath="C:\Users\jkilling\Source\Workspaces\soco\JK\SonomaCounty\ISD\WorkListItemTracker\CoWoIt\CoWoIt.Server\DataSources\ApplicationData\People.lsml" Checksum="1F651C2F0402F1E394DB8682471A033E42F64FB7FEA1C0B72E3C8E3016878C07" />
    <Document FullPath="C:\Users\jkilling\Source\Workspaces\soco\JK\SonomaCounty\ISD\WorkListItemTracker\CoWoIt\CoWoIt.Server\DataSources\ApplicationData\StatusSet.lsml" Checksum="A72A5ACC4D5678B8262AD2BF16D708F936F376A0B86340F06C4F6C37726286E4" />
    <Document FullPath="C:\Users\jkilling\Source\Workspaces\soco\JK\SonomaCounty\ISD\WorkListItemTracker\CoWoIt\CoWoIt.Server\DataSources\ApplicationData\Tickets.lsml" Checksum="55BEFC0140CE61829BF0383304DB8013C13E05EFDD7DBFEAF8E822B59F93AF6C" />
    <Document FullPath="C:\Users\jkilling\Source\Workspaces\soco\JK\SonomaCounty\ISD\WorkListItemTracker\CoWoIt\CoWoIt.Server\DataSources\ApplicationData\TicketByWorklistID.lsml" Checksum="4E08ABEDE2CD854364D0CC62D770308BF98A043A669135835F5AAA6C8DC37490" />
    <Document FullPath="C:\Users\jkilling\Source\Workspaces\soco\JK\SonomaCounty\ISD\WorkListItemTracker\CoWoIt\CoWoIt.Server\DataSources\ApplicationData\TicketTypes.lsml" Checksum="9287A0FF8C3A171994376CA7FD55E2607C211FEBA68CD8295F8ADB120974A004" />
    <Document FullPath="C:\Users\jkilling\Source\Workspaces\soco\JK\SonomaCounty\ISD\WorkListItemTracker\CoWoIt\CoWoIt.Server\DataSources\ApplicationData\WorklistItems.lsml" Checksum="162D6511DBF46D5E0FAD437D627B27857E373DFBB4265FC57A49D18E3978F76D" />
    <Document FullPath="C:\Users\jkilling\Source\Workspaces\soco\JK\SonomaCounty\ISD\WorkListItemTracker\CoWoIt\CoWoIt.Server\DataSources\ApplicationData\WorklistItemsByOrgID.lsml" Checksum="6E9892A09B685FBED0F0C222AFB7D734DF3D6D363A19C70A712F1E55F5E6C710" />
    <Document FullPath="C:\Users\jkilling\Source\Workspaces\soco\JK\SonomaCounty\ISD\WorkListItemTracker\CoWoIt\CoWoIt.Server\Properties\DataSources\ApplicationData.lsml" Checksum="E6FEEAC3B4A850AAC5F0029259A0B9F8C1BD45F2950D17BD8D6664B9422E6AD6" />
    <Document FullPath="C:\Users\jkilling\Source\Workspaces\soco\JK\SonomaCounty\ISD\WorkListItemTracker\CoWoIt\CoWoIt.Server\Properties\Service.lsml" Checksum="679C78F29C5AF23E9956A773B0E46DF90F7B86CADA0B79571E5896A1C79F5B70" />
  </Documents>
</ModelDocumentManifest>